{"cameraMode":{"drawMode":0,"name":"Shaded","section":"Shading Mode"},"sceneLighting":false,"audioPlay":false,"sceneViewState":{"showFog":true,"showMaterialUpdate":false,"showSkybox":true,"showFlares":true,"showImageEffects":true,"showParticleSystems":true},"in2DMode":false,"pivot":{"x":628.6763305664063,"y":131.9674072265625,"z":-5.134836673736572},"rotation":{"x":0.1537608504295349,"y":-0.6367043256759644,"z":0.1310657113790512,"w":0.7444378733634949},"size":42.47053527832031,"orthographic":false}