{"cameraMode":{"drawMode":0,"name":"Shaded","section":"Shading Mode"},"sceneLighting":false,"audioPlay":false,"sceneViewState":{"showFog":true,"showMaterialUpdate":false,"showSkybox":true,"showFlares":true,"showImageEffects":true,"showParticleSystems":true},"in2DMode":false,"pivot":{"x":535.5819702148438,"y":14.776351928710938,"z":535.5326538085938},"rotation":{"x":-0.4669993817806244,"y":0.054801490157842639,"z":-0.02925265021622181,"w":-0.8821402192115784},"size":262.7108154296875,"orthographic":false}